indice_tiempo,demanda_total,demanda_residencial,comercio_e_industria,grandes_usuarios,temperatura_promedio,potencia_maxima,ede_tucuman,edelap_sa,edenor_distribuidor,edesal_distribuidor,edestesa_emp_dist__este,edesur_distribuidor,emp_de_energia_de_rio_negro_sa,emp_dist_energ_atlantica,emp_de_energia_de_la_rioja_sa,emp_dist_energia_de_salta,emp_electric_misiones_sa,empresa_dis_estero_sa,empresa_jujenia_de_energia_sa,energia_de_catamarca_sa,energia_de_entre_rios_sa,energia_de_mendoza_sa,energia_san_juan_sa_exedessa,epec_distribuidor,epen_distribuidor,epesf_distribuidor,recursos_y_energia_formosa_sa,secheep,spse_santa_cruz
2001-01-01,6866.26,,,,25.432,13501.0,,,,,,,,,,,,,,,,,,,,,,,
2001-02-01,6473.1,,,,25.596,14061.0,,,,,,,,,,,,,,,,,,,,,,,
2001-03-01,6952.3,,,,22.852,13780.0,,,,,,,,,,,,,,,,,,,,,,,
2001-04-01,6183.35,,,,18.317,12866.0,,,,,,,,,,,,,,,,,,,,,,,
2001-05-01,6668.94,,,,14.306,12968.0,,,,,,,,,,,,,,,,,,,,,,,
2001-06-01,6559.16,,,,12.94,13639.0,,,,,,,,,,,,,,,,,,,,,,,
2001-07-01,6806.8,,,,11.542,13794.0,,,,,,,,,,,,,,,,,,,,,,,
2001-08-01,6531.18,,,,15.055,13030.0,,,,,,,,,,,,,,,,,,,,,,,
2001-09-01,6211.66,,,,14.69,12642.0,,,,,,,,,,,,,,,,,,,,,,,
2001-10-01,6268.03,,,,18.074,12365.0,,,,,,,,,,,,,,,,,,,,,,,
2001-11-01,6132.66,,,,20.007,12595.0,,,,,,,,,,,,,,,,,,,,,,,
2001-12-01,6448.414000000001,,,,23.013,12626.0,,,,,,,,,,,,,,,,,,,,,,,
2002-01-01,6471.69,,,,24.903,12296.0,,,,,,,,,,,,,,,,,,,,,,,
2002-02-01,5745.32,,,,23.252,13481.0,,,,,,,,,,,,,,,,,,,,,,,
2002-03-01,6462.13,,,,22.18,13481.0,,,,,,,,,,,,,,,,,,,,,,,
2002-04-01,5970.25,,,,17.463,12209.0,,,,,,,,,,,,,,,,,,,,,,,
2002-05-01,6320.57,,,,16.432,12444.0,,,,,,,,,,,,,,,,,,,,,,,
2002-06-01,6634.9,,,,10.7,13428.0,,,,,,,,,,,,,,,,,,,,,,,
2002-07-01,6891.22,,,,11.469,13405.0,,,,,,,,,,,,,,,,,,,,,,,
2002-08-01,6514.58,,,,14.242,12908.0,,,,,,,,,,,,,,,,,,,,,,,
2002-09-01,6136.42,,,,14.787,12392.0,,,,,,,,,,,,,,,,,,,,,,,
2002-10-01,6344.78,,,,19.9,12394.0,,,,,,,,,,,,,,,,,,,,,,,
2002-11-01,6384.03,,,,21.39,12828.0,,,,,,,,,,,,,,,,,,,,,,,
2002-12-01,6597.0,,,,22.758,12939.0,,,,,,,,,,,,,,,,,,,,,,,
2003-01-01,7009.41,,,,23.81,13774.0,,,,,,,,,,,,,,,,,,,,,,,
2003-02-01,6364.91,,,,23.296,13900.0,,,,,,,,,,,,,,,,,,,,,,,
2003-03-01,6874.26,,,,22.403,13721.0,,,,,,,,,,,,,,,,,,,,,,,
2003-04-01,6280.38,,,,17.387,12670.0,,,,,,,,,,,,,,,,,,,,,,,
2003-05-01,6773.8,,,,15.284,13218.0,,,,,,,,,,,,,,,,,,,,,,,
2003-06-01,6814.53,,,,13.043,13567.0,,,,,,,,,,,,,,,,,,,,,,,
2003-07-01,7321.71,,,,11.081,14359.0,,,,,,,,,,,,,,,,,,,,,,,
2003-08-01,7188.13,,,,12.068,14331.0,,,,,,,,,,,,,,,,,,,,,,,
2003-09-01,6737.75,,,,14.623,13570.0,,,,,,,,,,,,,,,,,,,,,,,
2003-10-01,6906.96,,,,18.955,13384.0,,,,,,,,,,,,,,,,,,,,,,,
2003-11-01,6833.97,,,,20.303,13461.0,,,,,,,,,,,,,,,,,,,,,,,
2003-12-01,7107.56,,,,21.539,14185.0,,,,,,,,,,,,,,,,,,,,,,,
2004-01-01,7620.56,,,,25.071,14350.0,,,,,,,,,,,,,,,,,,,,,,,
2004-02-01,6846.54,,,,23.186,14207.0,,,,,,,,,,,,,,,,,,,,,,,
2004-03-01,7544.99,,,,23.555,14655.0,,,,,,,,,,,,,,,,,,,,,,,
2004-04-01,7011.91,,,,19.9,14732.0,,,,,,,,,,,,,,,,,,,,,,,
2004-05-01,7325.25,,,,13.3,14257.0,,,,,,,,,,,,,,,,,,,,,,,
2004-06-01,7259.35,,,,13.4,14512.0,,,,,,,,,,,,,,,,,,,,,,,
2004-07-01,7576.6,,,,12.4,14789.0,,,,,,,,,,,,,,,,,,,,,,,
2004-08-01,7076.07,,,,13.8,14848.0,,,,,,,,,,,,,,,,,,,,,,,
2004-09-01,6956.97,,,,16.1,13611.0,,,,,,,,,,,,,,,,,,,,,,,
2004-10-01,7087.33,,,,17.5,13569.0,,,,,,,,,,,,,,,,,,,,,,,
2004-11-01,7127.32,,,,19.8,14708.0,,,,,,,,,,,,,,,,,,,,,,,
2004-12-01,7739.52,,,,23.3,15032.0,,,,,,,,,,,,,,,,,,,,,,,
2005-01-01,7983.28,2717.678,3750.6119999999996,1514.9900000000002,25.872,15129.0,,,,,,,,,,,,,,,,,,,,,,,
2005-02-01,7248.88,2298.744,3479.876,1470.26,25.593,15717.0,,,,,,,,,,,,,,,,,,,,,,,
2005-03-01,7689.91,2384.287,3690.0429999999997,1615.5800000000002,21.237,15211.0,,,,,,,,,,,,,,,,,,,,,,,
2005-04-01,7213.14,2184.768,3492.1420000000003,1536.23,17.223,14552.0,,,,,,,,,,,,,,,,,,,,,,,
2005-05-01,7668.55,2479.291,3597.299,1591.96,14.939,14900.0,,,,,,,,,,,,,,,,,,,,,,,
2005-06-01,7719.71,2679.416,3498.7039999999997,1541.59,14.3,15699.0,,,,,,,,,,,,,,,,,,,,,,,
2005-07-01,8061.62,2896.148,3628.562,1536.91,12.4,15792.0,,,,,,,,,,,,,,,,,,,,,,,
2005-08-01,7953.5,2737.632,3587.5080000000003,1628.3600000000001,13.0,15648.0,,,,,,,,,,,,,,,,,,,,,,,
2005-09-01,7508.4,2454.398,3449.9919999999993,1604.01,14.3,15485.0,,,,,,,,,,,,,,,,,,,,,,,
2005-10-01,7403.31,2266.127,3495.353000000001,1641.83,17.2,14799.0,,,,,,,,,,,,,,,,,,,,,,,
2005-11-01,7784.34,2415.443,3642.277,1726.6200000000001,22.0,16143.0,,,,,,,,,,,,,,,,,,,,,,,
2005-12-01,8098.31,2572.563,3790.5070000000005,1735.24,22.3,15657.0,,,,,,,,,,,,,,,,,,,,,,,
2006-01-01,7957.9,2830.373,3428.727,1698.8,24.6,15831.0,,,,,,,,,,,,,,,,,,,,,,,
2006-02-01,7395.7,2515.396,3261.454,1618.85,24.3,16753.0,,,,,,,,,,,,,,,,,,,,,,,
2006-03-01,8037.6,2474.69,3540.41,2022.5,20.6,16335.0,,,,,,,,,,,,,,,,,,,,,,,
2006-04-01,7555.6,2258.193,3318.147,1979.2600000000002,19.1,15898.0,,,,,,,,,,,,,,,,,,,,,,,
2006-05-01,8116.1,2696.051,3416.579000000001,2003.4699999999998,14.1,16876.0,,,,,,,,,,,,,,,,,,,,,,,
2006-06-01,8248.9,2963.715,3374.4949999999994,1910.69,13.2,17037.0,,,,,,,,,,,,,,,,,,,,,,,
2006-07-01,8313.5,2993.796,3392.594,1927.11,14.3,17395.0,,,,,,,,,,,,,,,,,,,,,,,
2006-08-01,8497.0,3107.201,3472.059,1917.74,12.4,17309.0,,,,,,,,,,,,,,,,,,,,,,,
2006-09-01,7828.4,2614.886,3291.476999999999,1922.037,15.6,17097.0,,,,,,,,,,,,,,,,,,,,,,,
2006-10-01,8025.1,2530.829,3503.241000000001,1991.03,19.8,17252.0,,,,,,,,,,,,,,,,,,,,,,,
2006-11-01,7998.1,2551.555,3489.625,1956.92,20.5,17237.0,,,,,,,,,,,,,,,,,,,,,,,
2006-12-01,8838.9,3071.673,3802.9469999999997,1964.2800000000002,24.4,17323.0,,,,,,,,,,,,,,,,,,,,,,,
2007-01-01,8743.2,3079.471,3735.829000000001,1927.9,24.6,17073.0,,,,,,,,,,,,,,,,,,,,,,,
2007-02-01,8158.2,2790.054,3574.9959999999996,1793.15,24.6,17654.0,,,,,,,,,,,,,,,,,,,,,,,
2007-03-01,8637.8,2853.558,3795.3819999999996,1988.86,22.2,17400.0,,,,,,,,,,,,,,,,,,,,,,,
2007-04-01,8010.4,2610.215,3525.2549999999997,1874.9299999999998,18.8,17881.0,,,,,,,,,,,,,,,,,,,,,,,
2007-05-01,8789.5,3161.771,3731.9389999999994,1895.79,12.7,18279.0,,,,,,,,,,,,,,,,,,,,,,,
2007-06-01,8851.4,3576.113,3535.967,1739.3200000000002,10.9,18345.0,,,,,,,,,,,,,,,,,,,,,,,
2007-07-01,9024.5,3807.798,3564.032,1652.6699999999998,9.3,17743.0,,,,,,,,,,,,,,,,,,,,,,,
2007-08-01,9106.5,3726.224,3589.3959999999997,1790.88,10.1,17669.0,,,,,,,,,,,,,,,,,,,,,,,
2007-09-01,8082.6,2838.982,3370.0480000000007,1873.57,17.0,16590.0,,,,,,,,,,,,,,,,,,,,,,,
2007-10-01,8370.4,2810.846,3654.304,1905.25,19.2,16745.0,,,,,,,,,,,,,,,,,,,,,,,
2007-11-01,8254.4,2717.576,3591.714,1945.11,18.8,17291.0,,,,,,,,,,,,,,,,,,,,,,,
2007-12-01,8921.4,3138.571,3815.519,1967.31,23.6,17786.0,,,,,,,,,,,,,,,,,,,,,,,
2008-01-01,9175.1,3420.283,3811.277000000001,1943.54,25.6,17885.0,,,,,,,,,,,,,,,,,,,,,,,
2008-02-01,8728.8,3073.664,3705.4059999999986,1949.73,25.3,17930.0,,,,,,,,,,,,,,,,,,,,,,,
2008-03-01,8594.5,2894.605,3678.1950000000006,2021.6999999999998,22.1,17697.0,,,,,,,,,,,,,,,,,,,,,,,
2008-04-01,8286.6,2764.962,3526.868000000001,1994.77,19.0,17129.0,,,,,,,,,,,,,,,,,,,,,,,
2008-05-01,8777.8,3102.396,3625.433999999999,2049.97,15.7,18670.0,,,,,,,,,,,,,,,,,,,,,,,
2008-06-01,9209.8,3699.403,3582.686999999999,1927.71,11.8,19126.0,,,,,,,,,,,,,,,,,,,,,,,
2008-07-01,9127.1,3626.348,3476.5820000000003,2024.1699999999998,14.3,18389.0,,,,,,,,,,,,,,,,,,,,,,,
2008-08-01,9025.3,3438.115,3488.4049999999997,2098.7799999999997,13.0,18071.0,,,,,,,,,,,,,,,,,,,,,,,
2008-09-01,8587.6,3061.343,3375.9170000000004,2150.34,14.6,17615.0,,,,,,,,,,,,,,,,,,,,,,,
2008-10-01,8477.2,2898.784,3417.156000000001,2161.26,18.1,16652.0,,,,,,,,,,,,,,,,,,,,,,,
2008-11-01,8914.9,3159.108,3681.4319999999993,2074.36,24.8,18441.0,,,,,,,,,,,,,,,,,,,,,,,
2008-12-01,9053.4,3471.033,3691.1270000000004,1891.2399999999998,24.3,17571.0,,,,,,,,,,,,,,,,,,,,,,,
2009-01-01,9086.1,3533.299,3658.9610000000002,1893.8400000000001,25.8,17351.0,,,,,,,,,,,,,,,,,,,,,,,
2009-02-01,8241.6,3105.44,3404.18,1731.98,24.6,18596.0,,,,,,,,,,,,,,,,,,,,,,,
2009-03-01,8955.6,3336.438,3769.532,1849.63,23.6,17218.0,,,,,,,,,,,,,,,,,,,,,,,
2009-04-01,8104.7,2813.071,3391.869,1899.7599999999998,19.6,16963.0,,,,,,,,,,,,,,,,,,,,,,,
2009-05-01,8435.3,3047.803,3510.8569999999995,1876.6399999999999,16.4,17780.0,,,,,,,,,,,,,,,,,,,,,,,
2009-06-01,9114.2,3721.346,3529.784000000001,1863.0700000000002,11.6,18948.0,,,,,,,,,,,,,,,,,,,,,,,
2009-07-01,9508.0,4052.004,3612.156,1843.8400000000001,10.8,19566.0,,,,,,,,,,,,,,,,,,,,,,,
2009-08-01,8738.4,3502.447,3400.9429999999993,1835.01,15.6,17862.0,,,,,,,,,,,,,,,,,,,,,,,
2009-09-01,8350.2,3023.058,3474.772000000001,1852.3700000000001,13.6,17895.0,,,,,,,,,,,,,,,,,,,,,,,
2009-10-01,8420.7,3027.54,3471.5500000000006,1921.6100000000001,17.7,18023.0,,,,,,,,,,,,,,,,,,,,,,,
2009-11-01,8644.0,3065.794,3643.166,1935.04,21.1,17426.0,,,,,,,,,,,,,,,,,,,,,,,
2009-12-01,9023.6,3336.758,3780.4820000000004,1906.3600000000001,22.6,18422.0,,,,,,,,,,,,,,,,,,,,,,,
2010-01-01,9740.0,3931.898,3934.7519999999995,1873.3500000000001,26.1,19370.0,,,,,,,,,,,,,,,,,,,,,,,
2010-02-01,8773.9,3361.184,3579.0859999999993,1833.63,24.2,19332.0,,,,,,,,,,,,,,,,,,,,,,,
2010-03-01,9518.9,3540.492,3911.7779999999993,2066.63,23.1,18408.0,,,,,,,,,,,,,,,,,,,,,,,
2010-04-01,8434.1,2875.625,3598.0850000000005,1960.3899999999999,17.2,16937.0,,,,,,,,,,,,,,,,,,,,,,,
2010-05-01,8866.4,3296.137,3631.2729999999992,1938.99,15.2,18228.0,,,,,,,,,,,,,,,,,,,,,,,
2010-06-01,9367.0,3825.755,3646.075,1895.17,12.5,18770.0,,,,,,,,,,,,,,,,,,,,,,,
2010-07-01,10081.1,4346.177,3794.323000000001,1940.6,10.7,20396.0,,,,,,,,,,,,,,,,,,,,,,,
2010-08-01,9733.1,4043.618,3702.0519999999997,1987.43,11.9,20843.0,,,,,,,,,,,,,,,,,,,,,,,
2010-09-01,8755.9,3237.488,3594.4820000000004,1923.9299999999998,15.3,19346.0,,,,,,,,,,,,,,,,,,,,,,,
2010-10-01,8567.7,3018.133,3608.487000000001,1941.08,17.2,17211.0,,,,,,,,,,,,,,,,,,,,,,,
2010-11-01,8834.6,3155.481,3715.3890000000006,1963.73,20.9,18353.0,,,,,,,,,,,,,,,,,,,,,,,
2010-12-01,10125.7,4020.361,4161.809000000001,1943.53,22.5,20209.0,,,,,,,,,,,,,,,,,,,,,,,
2011-01-01,10231.0,4215.174,4056.286,1959.54,25.8,20531.0,,,,,,,,,,,,,,,,,,,,,,,
2011-02-01,9129.0,3363.751,3678.8689999999997,2086.38,24.0,20171.0,,,,,,,,,,,,,,,,,,,,,,,
2011-03-01,9863.0,3622.66,3960.4300000000003,2279.91,22.5,20913.0,,,,,,,,,,,,,,,,,,,,,,,
2011-04-01,8917.8,3051.537,3751.862999999999,2114.4,18.9,18309.0,,,,,,,,,,,,,,,,,,,,,,,
2011-05-01,9560.4,3561.464,3833.5359999999996,2165.4,14.8,18765.0,,,,,,,,,,,,,,,,,,,,,,,
2011-06-01,10135.8,4211.284,3837.3059999999996,2087.21,12.1,21024.0,,,,,,,,,,,,,,,,,,,,,,,
2011-07-01,10562.6,4613.925,3860.3550000000005,2088.3199999999997,11.2,21403.0,,,,,,,,,,,,,,,,,,,,,,,
2011-08-01,10311.9,4289.444,3880.285999999999,2142.17,11.5,21564.0,,,,,,,,,,,,,,,,,,,,,,,
2011-09-01,9089.5,3342.414,3644.4159999999993,2102.67,16.2,18648.0,,,,,,,,,,,,,,,,,,,,,,,
2011-10-01,9062.4,3138.281,3781.749,2142.37,17.3,17565.0,,,,,,,,,,,,,,,,,,,,,,,
2011-11-01,9505.9,3485.202,3950.6079999999993,2070.09,22.6,19508.0,,,,,,,,,,,,,,,,,,,,,,,
2011-12-01,10118.6,3969.237,4178.3330000000005,1971.03,22.9,20513.0,,,,,,,,,,,,,,,,,,,,,,,
2012-01-01,10806.8,4505.197835,4381.242165,1920.36,26.2,21309.0,,,,,,,,,,,,,,,,,,,,,,,
2012-02-01,10089.2,4043.826495000003,4020.409504999998,2024.964,24.8,21949.0,,,,,,,,,,,,,,,,,,,,,,,
2012-03-01,10178.0,3799.9514179999987,4161.5005820000015,2216.548,21.7,20095.0,,,,,,,,,,,,,,,,,,,,,,,
2012-04-01,8970.0,3123.399968000001,3781.6000319999985,2065.0,18.1,18264.0,,,,,,,,,,,,,,,,,,,,,,,
2012-05-01,9601.7,3606.52943,3804.17057,2191.0,16.9,18472.0,,,,,,,,,,,,,,,,,,,,,,,
2012-06-01,10297.0,4287.290236000002,3856.7097639999984,2153.0,12.2,20978.0,,,,,,,,,,,,,,,,,,,,,,,
2012-07-01,11071.7,4950.420933999997,3998.4820660000037,2122.797,9.9,20912.0,,,,,,,,,,,,,,,,,,,,,,,
2012-08-01,10408.3,4352.486085999999,3859.701914,2196.112,13.7,19995.0,,,,,,,,,,,,,,,,,,,,,,,
2012-09-01,9338.6,3512.345189999997,3653.954810000004,2172.3,15.6,18626.0,,,,,,,,,,,,,,,,,,,,,,,
2012-10-01,9608.0,3532.0674189999995,3792.432581000001,2283.5,18.3,17834.0,,,,,,,,,,,,,,,,,,,,,,,
2012-11-01,10031.4,3759.790749000001,3986.909250999998,2284.7,22.4,20091.0,,,,,,,,,,,,,,,,,,,,,,,
2012-12-01,10824.3,4285.4703819999995,4311.929618,2226.9,24.5,20921.0,,,,,,,,,,,,,,,,,,,,,,,
2013-01-01,11134.119344999996,4538.4461459999975,4403.673198999998,2192.0,25.1,21982.0,,,,,,,,,,,,,,,,,,,,,,,
2013-02-01,9834.160006999999,3961.686119000001,3923.9738879999977,1948.5,24.1,22169.0,,,,,,,,,,,,,,,,,,,,,,,
2013-03-01,9756.129308000001,3612.835111000003,3899.1941969999984,2244.1,20.3,19523.0,,,,,,,,,,,,,,,,,,,,,,,
2013-04-01,9307.334163,3239.3807020000017,3852.153460999997,2215.8,19.1,18443.0,,,,,,,,,,,,,,,,,,,,,,,
2013-05-01,10232.825394000005,3919.6689959999994,4015.2563980000054,2297.9,15.0,20035.0,,,,,,,,,,,,,,,,,,,,,,,
2013-06-01,10360.537193999995,4409.513940000003,3836.7232539999923,2114.3,12.8,21270.0,,,,,,,,,,,,,,,,,,,,,,,
2013-07-01,11156.173393,5088.495112000001,3929.6782809999977,2138.0,12.0,22552.0,,,,,,,,,,,,,,,,,,,,,,,
2013-08-01,10904.479243000002,4782.603022999998,3915.176220000004,2206.7,12.7,21773.0,,,,,,,,,,,,,,,,,,,,,,,
2013-09-01,10195.872995000005,4072.686172000001,3909.2868230000036,2213.9,14.4,21711.0,,,,,,,,,,,,,,,,,,,,,,,
2013-10-01,10045.715632000001,3744.4781970000026,3967.437434999999,2333.8,18.5,19484.0,,,,,,,,,,,,,,,,,,,,,,,
2013-11-01,10015.701652,3680.7364479999987,4096.265204000001,2238.7,21.1,20436.0,,,,,,,,,,,,,,,,,,,,,,,
2013-12-01,12291.286493000003,5338.633582,4775.0529110000025,2177.6,27.0,23794.0,,,,,,,,,,,,,,,,,,,,,,,
2014-01-01,12004.342368000001,5350.967240000001,4501.975128,2151.4,25.9,24034.0,261.62569,204.71994400000003,1922.8806319999999,119.06310400000001,85.47327800000001,1621.9482209999999,111.03567699999999,259.423668,121.42424400000002,154.52937400000002,188.97086100000004,126.46891500000001,80.13010399999999,89.900861,287.022917,373.214013,183.72491000000002,834.5096599999999,76.98521400000001,965.415634,132.913227,265.43483699999996,32.668969000000004
2014-02-01,9823.968201000001,3883.77533,3875.392871000001,2064.8,23.0,21507.0,214.32627399999998,165.53549600000002,1451.3970009999998,86.86931700000001,56.243905,1243.061038,114.22193700000001,220.252858,90.199606,135.87621600000003,179.17362400000002,114.205207,68.189694,73.368425,211.861456,259.14025100000003,125.694551,661.6581799999999,68.925505,723.6489700000001,119.104259,235.94828600000002,34.384486
2014-03-01,9789.798788999999,3666.8686810000004,3944.0301079999986,2178.9,20.7,19105.0,190.60786599999997,174.37100300000003,1496.242732,83.169881,55.310022999999994,1274.5235550000002,119.87083,213.65336,81.809809,140.86604499999999,169.822991,91.04300700000002,65.848816,68.30952799999999,199.47441100000003,247.004701,109.79768,644.5750129999999,74.43228500000001,691.3052490000001,98.30927,188.98751800000002,41.81690100000001
2014-04-01,9595.374350000002,3542.1631350000025,3869.9112149999996,2183.2999999999997,18.3,19537.0,178.857749,176.488634,1488.576271,83.914777,55.117131,1239.4787999999999,103.666055,201.47072900000003,71.78416800000001,132.030163,155.78542499999998,88.842348,61.845752999999995,62.865548,191.971886,239.997821,102.078824,643.4668899999999,67.59758900000001,688.94802,89.74712000000001,182.271965,43.068396
2014-05-01,10409.105006,4182.488527,4007.2164789999993,2219.4,15.0,20933.0,188.950006,209.89302899999998,1777.9774729999997,94.82550700000002,54.379142,1433.3538999999998,109.61996400000001,217.016369,76.925426,138.12527799999998,128.27892,85.878577,64.176431,69.653458,200.844913,259.100636,116.24972899999999,708.8984009999999,74.030272,748.047064,80.83649100000002,167.505864,45.841761
2014-06-01,10901.714975999997,4790.674033999999,3995.1409419999986,2115.9,12.4,21716.0,201.969593,234.29223399999998,2012.854524,103.703513,52.835084,1599.8454870000003,106.25634899999999,218.012417,84.279805,145.488499,102.12627400000001,88.93645799999999,64.755961,76.72048299999999,207.49040100000002,268.172167,131.909391,758.174469,74.070042,798.6152950000001,75.199265,165.774521,47.692626000000004
2014-07-01,11363.942101999997,5115.928827999999,4121.013273999998,2127.0,12.4,21950.0,211.24058800000003,245.920223,2123.7586570000003,109.898767,55.755856,1691.6446389999999,108.73675300000001,228.55102,91.54750800000001,154.442056,86.55358500000001,97.292708,71.33577100000001,83.69034,216.93675199999998,284.00835900000004,142.281505,789.066702,77.47536699999999,839.0654249999999,79.35522300000001,181.00714799999997,48.027226
2014-08-01,10490.682389,4454.936700999999,3946.345688000001,2089.4,15.3,20947.0,193.59715000000003,217.26617,1836.092837,102.218775,56.959792,1483.2106569999999,103.36515599999998,220.69518000000002,87.769836,141.353693,97.92831699999999,90.658943,66.12005400000001,73.46502199999999,206.21697200000003,274.63376800000003,122.89292800000001,725.132046,74.295427,762.5969620000001,79.710053,181.85791,42.832902000000004
2014-09-01,9807.544190999999,3746.9346960000007,3942.8094949999986,2117.8,16.0,19419.0,188.93863000000002,189.567847,1591.9759000000001,95.26643600000001,59.149786,1311.6850020000002,96.66485899999999,207.10105,84.515326,138.747862,128.039137,91.303958,65.884497,69.058237,189.39372500000002,263.581474,112.03237299999999,665.510351,71.73566,689.195186,82.93717699999999,172.10620699999998,45.44718700000001
2014-10-01,10706.493141,4186.567587,4233.925554000001,2286.0,20.2,22147.0,249.92409,187.27728600000003,1650.9117939999999,102.178185,68.110492,1381.3717080000001,96.154597,210.21273899999997,105.71697200000001,164.72344400000003,135.796905,126.457004,76.411456,84.36375,214.640812,293.38359199999996,131.70387800000003,740.0399960000001,70.59918,775.172301,116.468847,236.00772000000003,44.47207
2014-11-01,10344.736671999995,3928.614070999999,4181.122600999996,2235.0,20.9,22055.0,223.170375,176.014227,1571.7203940000002,103.50170599999997,69.888496,1317.2061749999998,92.73194399999998,201.534832,105.38136000000002,150.844928,161.415649,111.83038099999999,74.58127900000001,79.730707,213.480158,297.892411,140.442819,701.5922349999998,68.389913,765.6614179999999,102.34889299999999,212.780666,41.505316
2014-12-01,11229.377819999996,4594.222427999998,4422.155391999998,2213.0,23.4,23104.0,241.328994,197.165641,1770.893145,109.002807,77.085544,1491.503676,101.616501,228.541228,113.71988100000002,159.40497100000002,177.931015,124.73061100000001,80.696206,86.31044899999999,243.544823,321.30418799999995,168.11207700000003,754.228863,73.344385,841.32818,122.78787299999999,246.088891,42.071658000000006
2015-01-01,11706.190093000003,5096.405804999999,4485.881622000003,2123.9026660000004,24.3,23949.0,257.43228600000003,197.343005,1855.852136,112.48124299999999,83.759399,1536.4443260000003,118.60078200000001,257.494218,119.00380799999999,167.044777,144.272549,150.808495,82.706117,88.01443400000001,276.070203,362.407228,187.65971,812.465571,80.409115,924.1251139999999,132.037641,276.584836,40.386661
2015-02-01,10665.086620999999,4438.153482,4195.116418999998,2031.8167200000012,24.7,23573.0,227.302584,189.58576499999998,1707.985804,93.399851,61.712585,1420.045899,119.24667899999999,235.327855,100.628974,148.52098999999998,184.748883,124.87954600000002,73.58270900000001,77.72053400000001,249.892135,282.342942,147.347887,690.0409380000001,73.901468,811.9302340000002,121.24958299999999,251.28667,36.65114500000001
2015-03-01,11548.527072000003,4823.967700000001,4487.951318000001,2236.608054,22.9,23409.0,237.30299100000005,204.626881,1870.4712450000002,102.817606,65.50392699999999,1550.857781,132.228008,236.96734899999998,101.27785,160.349205,199.970423,127.402728,74.97307400000001,74.959228,252.52469200000002,297.340145,160.19827600000002,771.5727150000001,83.799954,875.7063589999999,126.53111700000001,263.638286,43.460947
2015-04-01,10026.434760000002,3756.852843000003,4112.087065999998,2157.494851000001,20.6,20116.0,209.09938999999997,178.31115499999999,1538.041729,90.35691,57.278243,1299.088101,111.77721799999999,209.74596800000003,82.280099,142.96187799999998,159.207467,106.524741,67.43577600000002,72.369997,210.62875800000003,260.323726,119.233775,678.079929,75.377217,746.8219359999999,89.97766700000001,199.05091700000003,46.697342000000006
2015-05-01,10467.633693000003,4224.672651000002,4096.946370000002,2146.0146719999993,16.8,20450.0,201.915258,208.97880499999997,1761.867788,96.07173200000001,56.610917,1422.0746909999998,116.404725,222.40596899999997,79.615837,146.37910300000001,155.513859,95.36220200000001,68.35116400000001,71.42527799999999,207.33901799999998,276.226057,122.393221,707.880221,79.57960800000001,745.8304319999999,79.56585199999999,181.197793,51.361831
2015-06-01,11254.419666999998,4941.2755899999975,4222.780597000003,2090.3634799999986,13.5,23529.0,214.655272,240.38481399999998,2068.717387,108.237354,58.664341,1625.084879,113.805597,226.948687,90.543949,150.913618,148.170179,99.84172600000001,70.439689,79.35978700000001,220.00886700000004,293.59027000000003,141.19994,773.3498159999999,80.09321700000001,814.001109,79.21663000000001,186.400079,53.069451
2015-07-01,11907.361918999997,5513.160881999997,4299.603255000001,2094.597781999999,12.7,22997.0,233.53502000000003,260.810309,2247.438446,118.48015600000002,62.860607,1757.698666,117.03489900000002,246.289108,99.73363,165.297839,118.649856,109.31244699999999,76.694304,89.37773800000001,234.98479500000002,315.39633100000003,156.03511500000002,830.8626540000001,84.02450200000001,871.5895330000001,80.494939,189.023823,54.35702500000001
2015-08-01,11130.262807999998,4797.705121999999,4221.518891999996,2111.0387940000014,15.0,22363.0,216.92453400000002,233.23558300000002,1990.8070940000002,107.22237,59.619935,1585.268157,113.288315,235.72279500000002,93.444539,151.382082,126.332811,100.73103,72.62078299999999,75.817227,217.599027,299.347607,136.367166,759.536116,82.718395,799.7427299999998,86.657053,193.62968300000003,52.634392000000005
2015-09-01,10552.903241000004,4350.513945000001,4068.358096000004,2134.031199999999,14.6,21398.0,199.219454,219.893294,1837.1396200000001,102.49804799999998,62.090239000000004,1485.937335,106.63481699999998,222.379381,88.25089800000002,142.74201,145.79971899999998,95.15625600000001,68.295199,72.102239,204.972872,263.082424,120.59366399999999,703.121753,77.23145199999999,727.418486,87.497539,172.15261900000002,48.544646
2015-10-01,10722.174389000002,4362.416913000002,4083.1886769999983,2276.5687990000015,15.9,20628.0,211.06717500000002,212.355,1778.4145899999999,107.829968,64.446281,1442.640836,103.519133,227.98507,94.811792,155.05037299999998,171.63279500000002,104.534001,74.267247,76.80859800000002,208.600986,264.89847,127.699568,710.114035,76.364362,720.473971,102.09292400000001,194.59729099999998,48.662512
2015-11-01,10219.189482,3922.901043,4073.2610679999993,2223.0273710000006,20.2,20411.0,220.71006200000002,181.94203300000004,1572.308718,92.01239100000001,53.87817400000001,1307.282798,101.55027899999999,210.10431400000002,95.60990400000001,153.731557,170.86391999999998,114.25630199999999,73.157946,77.625135,212.98352400000002,245.92155800000003,123.036965,687.934163,73.508336,742.257816,110.043298,216.07044800000003,40.964203999999995
2015-12-01,11909.435560999995,5196.471959999999,4559.777175999998,2153.1864249999976,24.8,23727.0,275.304364,218.150706,1978.338187,105.084956,70.61266,1632.3312849999998,109.91498999999999,242.206703,119.38155600000002,173.23017800000002,152.413654,155.350902,88.184527,94.704965,267.668304,301.263625,177.38115100000002,808.0556989999999,79.850068,940.607976,131.806085,269.113537,44.45036900000001
2016-01-01,12344.911762000002,5651.444906,4611.116668,2082.350188000002,26.1,24885.0,291.38806200000005,223.720576,2173.400283,127.756908,65.790518,1754.4347280000002,120.817729,272.054809,124.219709,182.66472700000003,182.093128,171.50027300000002,88.777574,100.651508,324.48205099999996,310.41845400000005,197.39402200000004,857.6735449999999,80.26598300000002,1064.469237,157.422031,315.35463,41.656371000000014
2016-02-01,11731.845101,5012.872809,4674.575348000001,2044.3969439999992,26.1,25380.0,272.18383400000005,224.18088,2083.24571,125.90589700000001,63.594277999999996,1688.906673,133.25288199999997,251.89155800000003,116.260712,157.444855,181.62979899999996,162.64812,82.74849,95.899224,286.77798199999995,311.740079,195.60445199999998,798.270866,78.39685399999999,977.1719390000001,145.73409600000002,293.52951599999994,39.04507800000001
2016-03-01,10461.475920000003,4021.324887,4327.849414000002,2112.301619,21.2,23139.0,230.19175600000003,201.12315199999998,1752.554762,117.07337000000001,64.689034,1451.728862,136.88962700000002,229.91998900000002,98.40263300000002,162.22457299999994,164.93028399999997,119.20441000000001,73.48834900000001,83.823779,235.67246500000002,270.872096,160.59950600000002,734.2692240000001,81.93088299999998,799.6298690000001,116.167961,217.345905,45.842944
2016-04-01,10292.000855999995,4104.173855999997,4148.353995999998,2039.473004,17.3,21340.0,216.85298,209.90610100000004,1790.7964269999998,113.84888399999997,57.88194699999999,1452.502229,119.04832000000002,214.61438800000005,83.932775,158.87103900000002,190.45953599999999,103.49002300000001,70.641032,75.74593399999999,218.06925400000003,253.05430599999997,135.34041499999998,724.2352530000002,76.81593400000001,766.849322,124.96251000000001,239.245968,49.536668999999996
2016-05-01,11358.011627999998,4941.1651679999995,4359.505855999998,2057.340604000001,12.6,21679.0,235.98506400000005,262.097093,2218.7362690000004,125.196559,56.944250999999994,1747.40692,125.37410199999998,235.02677699999998,91.289239,171.06425799999997,161.10890300000003,103.41728300000001,77.41903300000001,83.51337600000001,233.13889300000002,275.73321999999996,154.16055599999999,788.9925490000002,82.438826,838.6357930000001,85.40289,184.18308000000002,53.309509999999996
2016-06-01,11812.947050000004,5634.190447000003,4282.498971000001,1896.2576320000005,10.6,22368.0,259.14528199999995,280.645635,2398.6957560000005,133.82803700000002,57.055209,1854.386086,120.42456199999998,237.00418599999998,102.599535,184.81620900000001,174.316649,117.987882,84.43768899999999,96.451317,243.888424,285.906213,169.07074000000003,854.82614,84.095771,896.809356,87.985607,201.82284600000003,53.890177
2016-07-01,11929.645375,5614.534651000002,4365.764847999997,1949.345876000001,11.0,22230.0,251.99551300000005,287.39482799999996,2416.6420679999997,132.489532,57.313827999999994,1872.041899,120.14623800000001,245.171677,98.70834100000002,175.36845599999998,171.214149,115.91360900000001,79.8432,92.33788100000001,243.44760499999995,288.84881599999994,168.25319700000003,862.8110530000002,84.717443,908.7163690000002,86.850978,192.87864499999998,54.231379
2016-08-01,10855.441952,4663.796034999998,4249.089462,1942.5564550000013,13.8,21455.0,217.82209300000002,257.232246,2119.516577,118.99428799999998,57.98947900000001,1646.322941,112.96484200000002,236.18171400000003,94.898217,158.074019,167.117364,98.707868,71.526001,79.61034099999999,220.855181,270.253577,140.658355,749.95874,83.83632300000001,803.5070890000001,90.12344299999998,184.33938800000007,51.910963
2016-09-01,10382.081134000004,4351.181774000002,4063.593245000001,1967.306115,14.3,22265.0,217.10027400000004,235.88417000000004,1953.5460020000003,115.992641,64.263114,1537.22966,107.721593,218.22905300000005,96.79604400000001,159.31951400000003,158.894108,100.95559899999999,72.60856099999998,80.364961,211.63203900000002,276.41788500000007,137.780852,713.646598,76.36339799999999,741.457938,85.552897,185.03259500000007,49.221242
2016-10-01,9956.038875000002,3953.447552000001,3985.4373099999993,2017.1540130000012,17.8,19051.0,218.42361400000001,209.49788100000004,1734.8053979999995,112.370764,63.93426100000001,1382.979377,102.96085499999998,219.815824,99.59111,166.66093099999998,167.06709400000003,106.22709800000003,74.81604000000002,80.62455700000001,207.41664600000001,264.71744299999995,135.403394,683.9447070000001,74.17617400000002,705.8811079999999,96.97664000000002,196.10092099999997,48.39002700000001
2016-11-01,10132.540584000004,3970.3276740000015,4142.364061000003,2019.848848999999,21.1,20425.0,235.45778899999996,195.777815,1717.3817080000001,113.06972599999999,63.61572000000001,1376.331936,104.03428599999998,209.723825,110.619649,162.75002400000002,182.67473199999998,122.46310500000001,72.416727,86.669673,221.958251,275.804035,153.09714700000004,710.516084,72.63001999999999,753.8385,100.95890500000002,228.017334,45.125440000000005
2016-12-01,11853.854388000002,5148.817670000002,4687.283459999999,2017.7532580000009,25.3,23266.0,293.33597399999996,229.143596,2098.1814130000002,127.158395,75.29026400000001,1712.9092430000003,116.62883799999999,237.83168300000003,131.70234,175.761675,218.216508,157.45127499999998,89.13441399999999,98.42289,278.283,319.37816499999997,194.702966,819.682391,79.84174100000001,934.0016699999999,128.506877,290.1888640000001,44.58454299999999
2017-01-01,12524.865645999998,5681.816625999999,4849.477855,1993.5711649999994,25.7,24717.0,312.038782,218.25668900000002,2048.046383,118.42378599999999,88.724784,1652.6613320000001,121.58765500000001,266.01583400000004,140.029942,182.24211099999997,231.870488,180.34143200000003,93.28456300000002,103.83303400000001,294.33662899999996,367.5227980000001,213.341948,864.9721049999999,83.03989800000002,992.8740369999999,150.692819,323.79866999999996,43.789701
2017-02-01,11074.906498999997,4618.226099999999,4551.831477999998,1904.8489209999998,25.4,25628.0,254.857809,197.38525899999996,1825.6220570000003,107.17996500000001,71.16647499999999,1463.3342759999998,122.75761999999999,228.15241600000002,111.666438,154.80077699999998,206.48006600000005,143.326663,81.550706,84.58343400000001,257.025794,292.955177,174.492547,750.517639,78.130393,862.4196220000001,135.323594,267.243387,40.865438999999995
2017-03-01,11122.231554999998,4470.715122,4514.6510910000015,2136.865341999998,22.4,24906.0,240.91057199999995,198.390015,1728.222407,103.90732700000002,68.39799000000001,1435.271652,118.221412,215.675582,106.890705,156.46053,225.96458900000002,131.810397,79.57675499999999,81.592629,251.87127600000002,286.43764100000004,158.411124,769.956276,77.68881300000001,850.6119070000001,123.66622200000002,269.6127169999999,47.90851299999999
2017-04-01,9793.758584999998,3754.3301189999993,3986.4503269999977,2052.9781390000007,18.9,20056.0,200.00752000000003,187.68327800000003,1555.8879719999995,93.03146400000001,52.179702,1251.3522420000002,107.26702300000001,210.52980200000002,81.578439,136.511073,180.51031600000002,98.626061,62.246565,65.936452,209.76800999999998,238.96929999999995,117.84451200000001,671.747233,71.386536,714.153395,86.779323,188.811907,48.838305
2017-05-01,10795.213415,4524.024791000004,4136.934658999995,2134.2539650000003,15.9,22058.0,214.50422500000002,226.347425,1845.2255819999998,110.001684,54.463981,1440.5213819999994,112.49715900000001,225.994679,91.33694,153.72250099999997,177.05358299999997,101.46707899999998,73.897717,74.499111,218.38707399999998,251.84658899999997,132.98865899999998,741.6915639999999,79.10552300000002,786.9377250000001,84.06528999999999,188.50515400000003,54.183657999999994
2017-06-01,11359.330661999995,5180.585334999994,4150.183839000001,2028.5614879999991,13.7,22987.0,227.126332,251.45742599999997,2081.62652,121.204029,58.58367,1602.7682069999996,110.26296300000001,233.97808799999999,100.63219799999999,160.833169,159.767267,107.438868,75.45192999999999,87.51565400000001,225.93435200000002,272.48693899999995,155.420761,785.039363,79.89688800000002,829.8039950000001,83.917267,193.88162800000003,55.709013
2017-07-01,11796.425757000008,5460.6159250000055,4259.709195000002,2076.1006370000005,13.4,23529.0,228.83951499999998,271.07573699999995,2208.0486579999997,118.719962,59.155440999999996,1716.7174820000002,111.872616,245.158748,103.99154900000002,158.490583,165.85523500000002,113.30402000000002,76.60455200000001,88.859142,229.29457,281.9503489999999,165.168806,810.4070220000001,80.34681099999999,848.8336050000001,85.747852,193.0023,57.574265999999994
2017-08-01,11107.250704999995,4767.354967999997,4209.8544139999985,2130.0413229999995,15.2,21931.0,208.05547,245.773639,1934.724264,109.813867,61.285738,1535.9824920000003,109.87600800000001,234.61237799999995,102.63558200000001,154.60431999999997,167.49425800000003,102.90741300000002,73.35661,76.90049200000001,219.924181,272.6851269999999,146.105432,756.658948,78.076946,792.1565240000001,89.981999,191.94656099999997,55.879830999999996
2017-09-01,10348.584547999995,4217.808566999997,4047.932338999997,2082.843642000001,15.9,20369.0,197.90996100000004,217.18468399999998,1721.8294439999997,105.13653999999998,62.828602999999994,1375.0397529999998,99.08320599999999,213.50725899999995,99.51135899999998,149.845894,179.82255699999996,99.28039099999998,70.41820899999999,72.28864200000001,205.362317,260.23524599999996,129.82721600000002,704.9755530000001,74.039981,721.6884579999999,92.87237799999998,191.16343500000002,51.794712
2017-10-01,10227.329312999997,3979.729611,4116.218025999995,2131.381676000001,18.2,19953.0,224.00059500000003,193.90966500000005,1598.523208,103.632175,64.32021699999999,1298.9916529999996,96.026658,207.73064500000004,110.48737,163.68072699999996,172.966768,117.44154699999999,76.781229,80.29843000000001,208.62126199999994,261.128677,131.50099400000002,700.8027429999999,70.976613,707.4763070000001,102.918787,208.82389799999996,50.419616000000005
2017-11-01,10355.727486000002,4035.4319400000013,4172.293124999997,2148.002421000003,20.6,21585.0,258.629269,180.92693100000005,1549.518421,102.96841699999997,68.82458099999998,1258.2977910000002,93.75615499999999,203.06435799999997,127.659098,168.517565,161.64461100000003,140.63476299999996,81.379076,89.97619800000001,219.58164399999995,269.36642600000005,153.79019800000003,731.7802449999999,68.757701,744.1942599999999,110.0658,233.825807,46.161202
2017-12-01,12024.595460999995,5216.357133999997,4700.3191689999985,2107.9191579999997,24.7,24696.0,290.506096,210.96832299999997,1916.224249,115.446262,77.005466,1534.4957299999996,109.597201,221.340417,136.47934400000003,183.82300099999998,225.59894699999998,174.82469899999998,92.43359400000001,95.797531,281.507569,305.725588,195.07842700000003,833.400655,75.044788,924.4149299999999,156.42925599999998,336.025871,45.356307
2018-01-01,12350.183342000008,5468.6761840000045,4781.389061,2100.1180970000037,26.1,25209.0,264.736399,217.081447,2062.905213,115.504663,81.44688599999999,1626.872213,128.343567,262.38006399999995,123.52041899999998,177.75988299999997,196.97755999999998,168.294498,89.58546199999998,92.69421399999999,306.183123,318.71211800000003,188.02677600000004,832.6164970000002,81.134046,983.0917290000001,147.860686,308.46641399999993,43.154795
2018-02-01,11404.202906999997,4963.984864999998,4409.163667999999,2031.0543740000007,25.2,26320.0,244.38533899999996,201.879762,1833.676799,108.54311100000001,73.140838,1450.8869479999998,128.97204,236.46292900000003,110.77990200000002,160.098281,192.66981999999993,156.79989400000002,75.78790400000001,83.60979499999999,280.907229,292.7822999999999,176.663007,778.3962170000001,75.45947199999999,926.583411,132.424052,292.38408799999996,40.37693
2018-03-01,11247.242146999999,4493.104134999999,4549.204478,2204.9335340000007,22.4,22960.0,236.17877499999997,200.32219599999993,1755.8917969999998,107.32281200000001,71.253216,1427.5112490000001,119.753895,227.25899399999997,110.237459,161.77671399999997,206.67143399999998,144.086462,77.8571,85.761601,255.444877,279.04421,152.392528,775.2041470000001,76.65333600000001,850.3398450000001,127.408402,278.58896899999996,48.495185
2018-04-01,10493.314601999999,4084.2833749999977,4264.484832000002,2144.546394999999,22.1,21763.0,226.776362,188.24655699999997,1596.8102239999998,95.947234,59.729352000000006,1310.827687,112.42148899999998,210.36620699999995,94.45256800000003,157.70450100000002,194.32763699999998,133.00025,73.65053900000001,76.72009000000001,234.995819,242.65790199999998,123.78534100000002,715.794615,70.624369,791.846086,123.47706,274.028366,48.831392
2018-05-01,10665.461534999999,4282.854741000001,4232.135998,2150.4707959999973,16.6,21308.0,207.81755,221.35116899999997,1775.8178090000001,102.480946,54.775907,1399.3660109999998,117.02771300000002,220.77772,88.49227799999997,153.64848800000001,185.093795,104.733205,73.407631,72.48862,215.292586,244.32882800000002,130.858939,732.903479,76.06395599999999,763.3117100000001,95.706074,215.75338600000003,53.972710000000006
2018-06-01,11925.912372999997,5589.928853999996,4314.391922999999,2021.5915960000018,11.3,23831.0,239.22847099999996,280.65906800000005,2270.5954930000003,120.09269499999999,56.95364300000001,1721.1781099999998,117.29031099999999,235.39103000000003,107.466302,173.571121,186.750615,119.415893,82.569789,92.95939600000003,229.22854199999998,274.05827,167.34213200000002,848.1183899999999,78.24997699999997,862.2809990000001,83.727532,208.21709300000003,60.872835
2018-07-01,12607.552746000003,6193.356918000002,4395.429390000001,2018.7664379999992,10.8,23776.0,254.123958,302.10545699999994,2449.122428,129.61860700000003,59.358016000000006,1877.369453,117.76800399999999,251.75462199999998,115.32242099999999,181.689029,186.27665100000004,130.640681,87.72353200000002,100.056423,243.655538,289.78196599999995,180.58398700000004,915.482586,80.211924,914.243657,86.722846,216.54129500000002,64.250293
2018-08-01,11721.305146000006,5381.905855999999,4291.441737000001,2047.957553000006,12.4,23054.0,215.62321799999998,278.482668,2187.850946,111.35659999999999,59.424105,1705.8991319999998,111.83376899999999,240.64545900000002,105.783967,161.440599,190.65105500000004,108.993089,76.97976799999999,81.230637,228.382643,271.57850600000006,151.29738700000001,823.2034860000001,79.03252799999997,843.827256,85.94592800000001,205.74125199999995,60.921392
2018-09-01,9792.369117000004,3928.1622830000015,3907.9972340000004,1956.209600000002,17.5,19541.0,208.45556599999998,205.215997,1567.674134,93.929749,58.283809999999995,1273.576544,97.502452,209.981501,97.87323099999998,157.44200800000002,174.07519900000003,111.05852599999999,71.913237,73.85803899999999,198.10433600000002,239.019525,121.51313799999998,659.813457,71.50047399999998,673.2006180000001,91.75805899999999,209.267496,56.835237
2018-10-01,9904.218690999998,3944.5947029999984,3978.890099999999,1980.7338880000002,17.8,18952.0,213.73763200000002,195.147604,1537.5414260000005,93.947661,62.931149000000005,1251.855152,95.98602799999998,209.72737099999995,104.16146000000002,163.648402,176.46436100000003,114.32290199999998,75.30672899999999,74.62839799999999,203.77815300000003,247.091506,124.53416499999999,692.7418570000001,70.949827,692.0281620000002,105.889261,229.381529,56.102211
2018-11-01,10035.149398999998,4001.5810480000005,4041.072386000001,1992.4959649999969,21.4,21190.0,236.86837800000004,183.31113100000002,1515.8715630000002,90.992089,61.025382,1239.505829,92.613595,201.193055,116.94394899999999,161.180702,179.60877500000004,136.503405,76.148914,82.16591500000001,217.638375,241.126218,144.552048,709.335607,68.97939199999999,723.963812,124.20187200000001,257.16187299999996,51.044519
2018-12-01,10863.012560999998,4687.899370999998,4305.440229000002,1869.6729609999984,22.4,23100.0,256.782852,195.580822,1675.2689810000002,100.82061,67.80440000000002,1356.738742,99.300638,219.518494,123.90581900000002,171.49534599999998,218.438207,160.618965,85.79994599999999,89.12967900000001,249.917684,278.94506199999995,176.728679,787.193081,76.83816200000001,836.281824,148.52438400000003,309.489311,49.46615
2019-01-01,11698.820402,5280.257409000001,4507.3172650000015,1911.2457279999974,25.0,26113.0,261.35748000000007,212.80673100000004,1890.900967,106.04282700000002,75.69545899999999,1540.3417860000002,113.417042,255.74642400000002,124.764598,185.67088899999996,243.87352400000003,162.131049,90.533233,87.44531700000002,263.0456520000001,309.45842,186.15987199999998,805.900448,80.999773,914.849317,161.608094,319.53869299999997,49.135380000000005
2019-02-01,10706.955316999998,4640.570778999999,4236.763494,1829.6210439999995,24.1,25897.0,241.23531199999996,193.41470199999998,1726.3396639999999,98.939813,67.902946,1389.474684,123.397631,232.27498400000002,112.19515200000001,161.743366,202.168226,144.25929,74.62402,78.92401800000002,248.08851800000002,271.24941500000006,169.251615,744.2474630000002,76.387181,847.979254,128.53929399999998,272.95216999999997,46.640246
2019-03-01,10120.057936000001,3995.7429609999995,4155.841684,1968.473291000001,21.2,22426.0,207.367019,186.98025700000002,1569.3344039999997,91.03574900000001,61.389506000000004,1280.2636439999999,120.384624,217.32742100000002,98.460515,158.557645,199.01629300000002,121.60296700000002,73.607178,72.89118400000001,222.831624,253.948503,141.476025,695.9083569999999,76.112644,743.7596990000001,112.55409300000001,240.89900699999998,52.708465
2019-04-01,9572.130644999996,3647.8123499999997,3971.2451749999973,1953.0731199999984,19.7,18876.0,189.23404299999999,184.311894,1482.537887,84.75356,56.677328,1203.5920919999999,111.32757000000001,202.177506,81.76924299999999,143.81830300000001,189.58622499999998,101.27774000000001,67.07741200000001,65.095579,204.82045200000002,236.73893,123.00511,665.2386280000001,73.135306,706.333179,96.494259,204.071641,49.78554899999999
2019-05-01,10382.062156,4358.227350999998,4051.5689540000003,1972.2658510000022,16.0,21075.0,199.29152100000002,228.119717,1749.4574109999999,97.73916200000001,54.310179000000005,1390.8733329999998,117.66434600000001,222.24408200000002,89.05500300000001,154.48971099999997,161.263264,102.929568,71.604197,71.25176100000002,209.737954,252.097369,132.996858,747.685354,79.85296300000002,756.3371360000002,87.332224,191.498709,54.317529
2019-06-01,10649.854539999998,4815.895190999999,3985.7405959999987,1848.218753000001,14.6,22594.0,203.547529,245.863869,1923.9724899999999,103.11412099999998,54.210619,1504.969054,113.90237100000002,224.990199,95.751408,157.09656499999997,143.14051900000004,106.42180600000002,72.343546,78.62902,206.44986400000002,263.624276,153.70690399999998,779.374364,78.781294,780.1806220000002,79.49154000000001,183.91562299999998,54.47720400000001
2019-07-01,12004.210187,5807.8299000000015,4257.407790999999,1938.972496,11.7,23859.0,220.642817,293.653493,2298.546531,113.281401,58.732589999999995,1808.9476579999998,117.64662700000001,254.764155,102.77481,170.651666,174.380372,117.885042,79.610241,84.60943800000001,231.48116399999998,280.542658,165.874302,861.208307,82.401497,892.1853590000001,84.360671,205.40884199999996,55.904050000000005
2019-08-01,11465.483298999998,5201.899285999998,4206.6925420000025,2056.8914709999976,12.4,23365.0,204.590648,277.73627,2101.019472,103.56020100000002,59.95475999999999,1676.8190989999998,113.251132,242.305075,103.923128,160.846554,168.156472,107.146648,75.099875,78.921128,220.93237200000002,271.519543,150.191469,790.064649,82.281738,832.1238680000001,82.753773,195.57053200000001,54.530866
2019-09-01,10218.087822999994,4267.476336999994,3934.5379499999985,2016.0735360000022,15.4,22079.0,192.14202900000004,228.170005,1722.300712,94.573659,59.441160999999994,1396.4495689999999,103.32252,219.81443,97.64901699999999,149.15112900000003,169.813389,99.773022,70.054161,71.971696,198.415311,252.337988,133.688162,704.345492,75.241917,712.9942950000001,85.663356,183.233317,49.580963
2019-10-01,10380.686879,4222.295957000001,4012.432788999998,2145.9581330000015,17.5,19908.0,227.14174199999997,208.070626,1610.983199,96.77795199999998,63.517996,1320.725075,99.665506,215.37140700000003,108.01410800000001,167.992911,190.31809700000002,125.18417400000001,77.871689,80.341357,209.89948599999997,253.755864,133.387082,715.3277839999998,74.939747,723.5407019999999,111.92843599999999,232.56630800000002,49.324145
2019-11-01,10559.966154999998,4378.763829999999,4144.930896000002,2036.2714289999972,22.7,23674.0,248.909986,184.99557199999998,1602.753107,95.21844800000001,64.298667,1307.5336399999999,94.46171399999999,197.88521599999999,124.248446,173.75877900000003,217.45511600000003,154.30542000000003,83.920802,89.684752,226.296399,266.762292,171.11384,736.599926,69.46221500000001,774.363454,141.11823999999996,280.63894700000003,46.131775
2019-12-01,11187.742676999997,4911.899214999996,4406.841075,1869.0023870000002,23.7,25382.0,271.925477,201.767979,1779.850613,106.061039,74.303099,1439.710518,105.41732699999999,216.46437099999997,133.394405,170.68780800000002,228.51956399999997,163.928726,88.56881200000001,96.36570199999998,252.75172799999999,306.42825200000004,197.474115,805.322851,76.000726,849.7727269999999,142.106631,289.460869,45.093232
2020-01-01,11993.867057,5593.447400000003,4494.597628999998,1905.8220279999985,25.1,24891.0,285.0895769999999,211.31885900000003,1927.024671,114.416178,78.61048,1547.8860479999998,122.69585300000001,256.602704,140.868067,184.20556299999998,242.44539699999996,186.972473,93.211221,99.987095,278.737958,337.301059,215.980527,849.568532,81.522227,936.130569,158.03008499999999,320.48879700000003,44.205743000000005
2020-02-01,10843.47443,4751.3847190000015,4218.645381999999,1873.4443289999995,25.5,25791.0,232.232146,198.63106299999998,1758.3064719999998,96.51685199999999,66.574845,1413.0861200000002,121.308871,234.822262,116.94319600000001,168.998674,217.240027,147.97781099999997,77.469479,84.495459,256.736267,266.08931900000005,176.03886099999997,734.067804,70.920048,832.198311,138.06330099999997,286.50488,42.32491500000001
2020-03-01,11144.232191999994,5034.6418879999965,4318.451976999998,1791.1383269999997,24.4,23847.0,265.16793800000005,204.698172,1793.688267,101.46838600000001,76.58697899999999,1440.513786,130.274764,216.05666300000001,126.20612999999997,179.71670799999998,226.339853,159.092666,78.579576,93.67286200000001,267.70364,296.36745,181.63978899999998,762.2238830000001,76.39259700000001,882.136248,149.25906899999998,315.10996200000005,46.505968
2020-04-01,8537.200406999998,3863.6307750000005,3269.808148,1403.7614839999978,18.0,16405.0,184.11028100000001,185.220941,1399.591774,75.57266800000001,54.272011,1115.9608120000003,105.45575000000001,189.22651299999998,83.85272599999999,140.797397,181.904601,100.09711399999999,65.46322,61.982804,198.473804,214.952735,111.227611,598.430403,64.687016,645.837374,94.282652,195.49575800000002,46.213454999999996
2020-05-01,9617.328172000001,4687.332380000002,3424.4438299999993,1505.5519620000007,15.7,19000.0,188.348257,233.95334999999997,1742.2344309999999,90.545864,56.26785099999999,1340.260579,112.47705500000001,214.85917999999998,87.41089300000002,146.534814,182.32618200000002,97.13808199999998,69.373048,68.81002500000001,202.80501299999997,236.588872,126.26356,673.3671030000002,69.76390599999999,726.909263,82.80947,180.493186,53.83091399999999
2020-06-01,10781.714872999999,5591.261968,3635.874083999999,1554.578821,13.0,22114.0,205.21744999999999,272.184741,2063.312445,107.494299,56.896448,1606.8589709999999,114.667316,230.622934,101.587488,160.19868200000002,189.31257700000003,106.22122900000002,73.50817100000002,81.39580500000001,216.03332100000003,263.252549,157.75808299999997,782.725574,74.388656,816.991028,86.50291800000001,189.49140899999998,54.863087
2020-07-01,12183.852641000001,6521.315560000001,4001.4080760000015,1661.1290049999989,10.9,23559.0,233.786353,312.82528199999996,2452.283161,122.710881,60.43417000000001,1892.0532739999999,119.22708300000001,258.144608,113.51043,175.81624000000002,202.998459,123.67400900000001,82.235058,93.946273,234.961377,290.13416,178.727499,883.802753,79.543927,918.259056,85.70993600000001,204.46292599999998,60.054896
2020-08-01,10728.379158000003,5267.341752000001,3741.760249000002,1719.277157,13.1,22430.0,199.98549400000002,266.788273,1974.3248299999998,104.71369300000002,60.638667,1559.4886199999999,111.15766,241.28791499999997,103.68852700000001,155.63691400000002,188.71107700000002,101.40745600000001,71.175212,79.587649,209.93100900000002,273.401674,152.75704000000002,747.9554650000001,75.04634900000002,775.2842589999999,88.27825999999999,191.91117799999998,56.456823
2020-09-01,10045.022850000003,4693.462034000004,3638.9629799999993,1712.5978359999997,14.6,22683.0,194.206612,240.54243199999996,1783.1138610000003,92.616136,59.38241400000001,1414.7590380000001,101.29374400000002,224.515688,97.327591,148.23262199999996,189.84783899999996,101.07610100000001,69.54023299999999,73.850124,200.70432699999998,252.086499,127.02032799999999,696.349211,68.38663700000001,720.271078,92.275732,196.34832699999998,50.583214
2020-10-01,10013.844018000003,4428.481525000001,3758.7405720000006,1826.6219210000017,17.2,19659.0,224.492445,205.75112299999998,1595.989698,93.06508300000002,66.14169500000001,1263.658719,99.694041,213.900002,111.28448500000002,170.259872,217.30611499999998,123.764826,79.738393,83.05618500000001,210.138594,259.497918,134.27579699999998,693.4404010000001,69.33753200000001,707.247877,124.89221299999998,255.25440400000002,48.510333
2020-11-01,10087.844438999995,4330.623876999997,3851.369100999998,1905.8514609999997,21.9,22289.0,244.95756299999996,177.75413700000001,1530.0622250000001,92.00595900000002,62.862483999999995,1201.4507710000003,97.59336900000001,198.84166,119.828777,171.18082,216.562053,146.911402,80.517377,87.566956,228.937767,256.284398,158.474179,720.51998,67.533994,758.825034,122.077067,258.351148,43.692363
2020-12-01,11330.177614,5258.408927999997,4193.858494000002,1877.9101920000012,23.5,24079.0,279.844492,201.889774,1812.4219870000002,104.28204500000001,77.04853999999999,1408.609734,109.60013099999999,225.124856,139.615804,186.31503099999998,242.21311699999998,182.284674,89.395431,100.03535899999999,258.27222800000004,312.89806699999997,199.79805899999997,795.142921,74.20531199999999,845.8834250000001,143.485575,314.255285,44.438653
2021-01-01,11941.580986,5661.216932,4331.948859,1948.4151950000007,25.5,26450.0,261.852972,219.24394700000002,1992.6540909999999,103.034846,75.00904200000001,1553.3015659999999,123.896585,240.606037,131.88225599999998,182.371455,241.0361,175.148103,87.15422500000003,94.812394,283.233136,305.14824600000003,199.880684,799.5660000000001,78.82200999999998,929.176372,152.68695700000004,335.094912,43.93150200000001
2021-02-01,10090.389297999996,4363.836275999998,3880.3408039999986,1846.212218,23.6,22431.0,211.491153,177.979618,1571.000868,86.99693099999999,58.561919,1238.36573,123.923536,214.853674,110.21646399999999,159.79723500000003,210.20824900000002,137.613275,71.277623,79.19814600000001,247.151564,237.687942,158.407257,686.835475,70.194157,795.2141660000001,127.95334099999998,275.05422599999997,41.484741
2021-03-01,11055.214502999996,4718.154620999998,4239.221819000002,2097.8380629999956,22.2,22447.0,223.691065,197.44739,1761.690096,98.374444,66.95035299999999,1387.77884,127.164372,225.84596200000004,103.71201900000001,169.726876,233.880045,143.319613,75.108197,80.01910300000002,257.357254,269.7070260000001,156.159922,763.7552270000001,76.16985799999999,848.0010080000001,131.77587599999998,283.77224,48.275192
2021-04-01,9817.737877,3891.458974,3909.0544269999987,2017.2244760000008,20.7,19676.0,194.392982,182.241766,1525.215756,86.54205099999999,56.38008200000001,1211.1707540000002,110.051224,211.526399,91.804945,149.093163,198.736877,116.78447300000002,69.85236900000001,71.22703699999998,215.73252699999998,242.06190999999998,127.684448,682.151647,70.014543,729.294716,95.262838,212.817525,49.605503999999996
2021-05-01,10986.114068,5010.9240439999985,3995.0549759999994,1980.1350480000028,14.3,20557.0,198.08478599999998,258.692161,1989.377129,100.590057,55.208602,1537.2757560000002,118.20743499999999,238.81928699999997,93.49370700000001,156.98539399999999,193.36577200000002,104.55962699999999,74.50741500000001,76.932182,218.12478900000002,257.472111,136.073389,768.9594819999999,77.22696,811.1295150000001,80.576201,194.06446699999998,54.862615
2021-06-01,12053.804232,6070.270050999998,4011.8050380000013,1971.7291430000016,11.9,25913.0,232.774354,295.404522,2299.95112,118.8787,57.834049,1775.694917,118.43967599999999,252.82094199999997,111.686231,172.206134,205.157156,122.80919100000003,83.83103400000002,93.52752300000002,231.746507,284.807082,168.89238199999997,849.266076,79.69360800000001,893.6558660000001,80.10110700000001,201.13480400000003,57.585346
2021-07-01,12418.960364999999,6268.417448999998,4148.275478,2002.2674380000014,12.2,24816.0,227.660491,307.084949,2376.4561580000004,119.44332700000002,60.744285000000005,1850.2832210000004,121.62785400000001,273.114749,113.96899299999998,172.39786900000001,205.370498,122.698008,82.41016600000002,91.12912399999999,240.815618,297.31366599999996,177.45937700000002,859.60969,85.816303,931.9451099999999,83.316578,209.01287299999998,57.277447
2021-08-01,11660.287777999993,5534.851943999994,4087.353907999998,2038.0819260000012,13.2,24816.0,210.20779599999997,287.060047,2129.108997,108.63375799999999,62.050364,1704.248729,116.866421,262.528429,108.936995,164.09892000000002,202.400396,113.36663300000001,75.89062299999999,82.138406,223.87343600000003,283.30592299999995,152.37987900000002,804.235714,83.00997199999999,824.9345279999999,87.571213,203.455884,55.957669
2021-09-01,10374.794059999995,4460.019196999997,3894.843471,2019.9313919999977,16.0,20771.0,193.994633,233.598598,1744.416134,98.71354500000002,60.838432,1396.099409,104.341943,237.04001699999998,101.54242299999999,155.88702600000002,195.69115,107.953867,72.492924,74.596008,204.825143,255.053079,128.291366,700.687441,73.607564,714.0280700000001,97.496349,201.997307,51.271421000000004
2021-10-01,10451.324174999992,4481.150232999995,4023.8099989999982,1946.3639429999996,18.8,23317.0,234.73425899999998,210.75355199999998,1685.8994039999998,102.51081600000002,68.65506199999999,1335.355676,104.25713899999998,231.20647800000003,116.120037,170.409485,202.773721,137.990487,79.081283,87.67701900000002,220.860559,275.86930000000007,144.117845,735.423743,74.024584,749.3382349999999,102.91413599999998,221.226495,50.258773
2021-11-01,10569.433718999997,4450.331244999997,4120.005402,1999.0970720000005,21.6,21920.0,231.799292,188.01844,1627.568263,100.33456899999999,65.91453999999999,1286.767612,102.08629299999998,218.56837600000003,124.764301,169.133005,226.34615799999997,140.179957,78.41359999999999,91.659935,244.37252900000001,270.35869399999996,163.14241700000002,752.5009749999999,74.25018700000001,797.5180409999999,123.16415,261.074699,46.636367
2021-12-01,12457.845451999998,5875.231035999998,4637.279511000001,1945.3349049999983,25.0,27088.0,288.907305,218.96429999999995,2042.3993129999997,113.087888,71.849209,1564.502015,118.675641,244.07897200000002,142.048575,195.01451600000001,272.469576,212.46746700000003,92.634504,107.85789199999999,322.554739,299.800728,204.26531099999997,902.325971,82.76682400000001,1041.534148,160.93641600000004,342.42103900000006,46.201117999999994
2022-01-01,13067.604932,6464.484064,4801.009870999998,1802.1109970000016,26.2,28231.0,317.12012999999996,232.39638300000004,2123.566831,128.915595,85.47965400000001,1638.7123530000001,131.593679,285.35063600000007,153.972994,209.26983399999997,295.592886,223.93922400000002,96.53526400000001,114.317515,333.11565400000006,342.54341999999997,227.41027899999997,953.196789,86.396948,1078.3514030000001,185.505408,395.85601299999996,44.69048300000001
2022-02-01,10567.756899,4612.567413999998,4185.905605,1769.2838800000022,23.2,25050.0,234.95598200000003,182.57945400000003,1590.705043,99.57709200000001,66.93951000000001,1256.676382,123.758549,237.559535,113.255387,170.504446,250.79087600000003,161.512176,78.69107500000001,90.275987,262.2303,265.75724799999995,169.291012,745.9183710000001,76.52815700000001,838.0277320000001,148.135657,317.410539,42.997744999999995
2022-03-01,10881.578983000003,4481.118657,4393.4010849999995,2007.0592410000038,20.8,21332.0,220.58615600000002,201.467406,1694.5122649999998,100.961584,73.453286,1344.0493050000002,124.01983399999997,236.69616499999998,115.07417799999999,175.90759,245.54794600000002,138.67689599999997,78.18911800000001,86.24623700000001,234.39103400000002,285.075838,169.78073799999999,767.0716009999999,77.169296,799.3140840000001,133.907666,266.423331,50.731919999999995
2022-04-01,10147.364071,3999.097408,4100.350536,2047.9161270000002,18.0,19783.0,192.501349,200.827314,1596.5101579999998,95.26889200000001,60.514163999999994,1257.3356840000001,114.63196200000002,230.449299,93.96453100000001,155.584772,205.465134,110.01945199999999,71.422606,75.01259500000002,211.49338800000004,256.086443,127.987786,708.8284839999999,76.294291,733.9838820000001,95.88335,199.789792,52.649375
2022-05-01,11727.995000999996,5346.350927,4327.068462999998,2054.575610999997,13.8,25362.0,213.55508899999998,278.96519499999994,2114.453711,114.62640899999998,59.74941499999999,1653.83464,124.77802700000001,266.77216400000003,100.95934700000001,166.02227500000004,212.27142700000002,114.083685,77.936905,83.963209,230.372856,281.291221,152.547956,830.4254870000001,84.81695199999999,857.36905,80.407215,195.39858200000003,57.676603
2022-06-01,13074.470377999998,6686.6298879999995,4432.274610999999,1955.565879,10.8,26062.0,252.912986,333.93273,2567.914259,129.06148,60.936752999999996,1977.9555859999998,124.243136,291.2936900000001,120.119855,188.747239,175.602515,140.412967,86.401542,103.218693,256.00261,311.516962,185.237946,928.777729,85.84497400000001,988.2348390000001,86.03817500000001,224.446575,59.521268
2022-07-01,12639.619365999997,6277.761202999999,4421.696106,1940.1620569999975,12.6,24477.0,233.81462399999998,317.10149700000005,2403.8069080000005,128.12938499999998,61.33285599999999,1898.393809,124.08053699999999,296.2454450000001,116.26083300000002,176.75820800000002,204.911568,128.889258,81.803386,99.17992600000001,240.98522300000005,310.9307839999999,181.124495,897.67485,91.16072799999999,925.130482,87.17814899999999,206.61354799999998,63.006592000000005
2022-08-01,11782.419631000004,5480.926603,4344.918827000001,1956.5742010000033,13.7,23389.0,210.66432400000002,291.06965299999996,2128.5304079999996,114.76079899999999,63.120084000000006,1701.3590239999999,119.150712,276.79387199999996,111.77399299999999,166.993776,203.17545500000003,116.154013,75.274902,87.993912,233.75963899999996,294.770985,159.75687599999998,831.138704,87.59145400000001,848.2240669999999,87.68244100000001,203.021556,58.894037999999995
2022-09-01,10314.000247000002,4294.969294,4060.319054000001,1958.7118990000004,15.8,20194.0,190.43758,229.814766,1703.6027100000001,105.16624800000001,63.92403999999999,1354.271744,106.937265,243.66130900000002,102.517642,155.79267100000004,161.820738,104.68386699999999,71.543966,79.44660699999999,209.72171899999995,274.01280299999996,135.42811399999997,747.346186,79.957526,735.473469,79.916574,180.665384,53.493927
2022-10-01,10221.298637999997,4191.800321999999,4056.2868630000003,1973.2114529999972,18.1,19630.0,213.23360699999998,210.33089999999999,1613.7975019999997,100.78783800000001,65.63666200000002,1292.327948,102.29749299999999,241.61911900000004,109.92859499999999,169.65299,141.54774099999997,126.803736,77.350628,84.08632399999999,214.69329900000002,263.4379129999999,137.37752600000002,744.6681040000001,77.91704900000002,717.9171940000001,96.897137,213.957626,51.755912
2022-11-01,11323.713162000004,4999.888377000003,4287.904183999998,2035.9206010000023,23.0,26610.0,271.676662,206.425856,1802.524537,110.77775600000001,72.25556900000001,1413.242376,107.829567,224.42595100000003,136.874785,185.913986,166.98194200000003,170.48254699999998,84.754392,103.67359700000002,259.475015,291.998274,189.04376700000003,843.1261079999999,79.91007100000002,876.2331930000003,113.06716999999999,259.69498,47.070672
2022-12-01,13027.412096000002,6321.388548000003,4713.010959999999,1993.0125880000005,25.0,28283.0,304.9701610000001,228.86984999999999,2118.097236,122.047977,83.69510499999998,1638.864839,124.69123300000001,247.70791200000002,149.52538099999998,200.43826000000004,254.78112500000003,217.69462099999998,94.697285,112.21736999999999,318.65858,345.560663,230.97145899999998,975.4920490000001,86.74024899999999,1078.74329,169.52654300000003,361.96663,47.368595000000006
2023-01-01,13593.482593999997,6817.409084,4831.820802000001,1944.2527079999961,26.9,27420.0,314.45808400000004,244.90304199999997,2258.0566959999996,120.09676300000001,83.14948600000001,1765.7496170000002,140.518027,294.02492799999993,149.06047999999998,208.206414,276.114363,240.001228,96.41803700000001,114.792919,351.442002,357.14538400000004,224.016157,978.0607520000001,89.98958799999998,1123.5059899999997,175.08461400000004,385.296549,45.57097099999999
2023-02-01,11906.275881999993,5684.562914999997,4409.545750000001,1812.167216999995,25.6,28207.0,276.309251,224.04140800000005,1970.818697,107.17574400000001,75.95767300000001,1550.529702,134.780372,247.333664,136.824189,180.942253,238.227144,189.19520200000002,83.013157,103.93351700000001,285.453733,323.84593899999993,195.62961399999998,848.4159289999999,82.354295,935.407527,144.47668900000002,317.97927099999987,43.40205899999999
2023-03-01,13996.904604999996,6927.3763519999975,5016.569765999998,2052.958487000001,27.1,29105.0,345.2003849999999,270.31031899999994,2492.217207,114.47984399999999,76.13637299999999,1908.735313,135.037503,265.72671099999997,149.53878200000003,212.936971,277.62395799999996,229.191128,92.58491299999999,120.674997,338.97589500000004,319.73837900000007,202.657241,985.3027910000001,85.40500300000002,1172.633394,162.90508799999998,368.407906,50.87707200000001
2023-04-01,10046.212478000001,3985.954278,4131.210056,1929.0481440000017,19.1,19984.0,199.79229800000002,200.37193999999997,1564.880097,93.351423,59.204222,1256.3651779999998,114.06264,235.289063,96.286859,157.514635,206.00586,113.407983,71.757178,80.436095,214.66212199999998,253.78608000000006,131.040357,725.6060099999999,80.126769,717.4403350000001,99.992298,219.15819900000002,52.22858699999999
2023-05-01,10815.469723999999,4656.383154,4164.095397000001,1994.9911729999974,16.4,21837.0,202.94109000000003,241.92918,1837.8699080000001,100.87095300000001,57.411353,1459.2642750000002,121.15433500000002,257.675919,92.64122400000001,159.76624199999998,201.41352899999998,110.10790599999999,74.03163699999999,79.71987,219.90577199999998,264.72222000000005,137.73744799999997,764.164548,86.463381,756.825615,84.28823000000003,193.83412900000002,56.902922000000004
2023-06-01,12071.781236,5835.774393000001,4197.267626999997,2038.7392160000031,13.2,24935.0,225.293794,293.851741,2208.934653,120.297184,57.989109,1743.1212119999998,123.46248200000001,280.054836,106.74078,169.11652300000003,206.661124,122.14096900000001,77.29407199999999,92.44659700000001,234.20861800000003,289.12310099999996,169.551794,863.098,89.371637,859.0658919999998,87.21553500000002,207.75622799999996,58.35375099999999
2023-07-01,12477.225902999993,6277.161518999997,4321.338782999998,1878.7256009999985,13.0,25476.0,238.371387,308.07848799999994,2339.456904,128.266165,61.107993,1868.852618,126.20242499999999,293.26195800000005,113.47896300000001,177.68760699999999,214.30366199999997,129.63255800000002,80.789435,100.22456000000001,245.11758099999997,303.76779600000003,183.158102,906.0160839999998,96.348342,909.896977,88.775018,208.94794700000003,62.399179000000004
2023-08-01,11756.000498999998,5501.921764,4286.131279000002,1967.9474559999965,14.2,22313.0,207.98890499999996,286.753582,2126.458698,114.223612,62.55571200000001,1704.5121830000003,120.633597,289.347359,104.649014,164.880735,211.260513,115.499701,75.014791,84.665744,232.07133599999997,287.654816,153.59615100000002,814.19745,89.655157,823.322392,98.133001,213.97612400000003,59.680337
2023-09-01,10962.244457000003,4894.324626000002,4095.4191290000017,1972.5007019999982,15.0,23085.0,205.21233200000003,256.730717,1876.54173,106.561676,64.913919,1521.340442,109.81509899999999,264.587166,103.543216,166.181924,190.02331000000004,115.87809500000002,74.73192400000002,82.46428900000001,216.752417,271.66635799999995,140.050388,761.56964,81.17583000000002,744.180802,107.60083300000001,217.41120299999997,55.451926
2023-10-01,10454.125794,4396.246597000001,4095.4632709999996,1962.4159259999985,18.2,19520.0,225.921298,209.65700500000003,1622.067001,101.37034200000002,67.565021,1308.979774,102.91804499999999,242.33327300000002,114.371776,183.25120400000003,190.91954199999998,146.061485,82.652623,91.53219000000001,223.13918600000002,263.819465,147.85603100000003,755.732717,78.23296100000002,716.4040969999999,124.51398000000003,250.40441800000002,52.08914300000001
2023-11-01,11040.811142999999,4843.967603999999,4237.822727,1959.0208120000004,21.2,24791.0,267.301733,199.849213,1702.2007049999997,105.244018,69.63365400000002,1354.8769539999998,102.402603,231.46795200000003,139.189372,201.78826299999997,174.84496200000004,177.043185,92.05597300000001,107.424988,245.44578900000002,287.289956,181.792111,803.851198,74.232915,813.4586629999998,146.030938,304.454159,47.89482800000001
2023-12-01,11763.004028,5475.149277999999,4416.089382,1871.7653680000005,22.9,25688.0,284.052441,209.106767,1835.4686159999999,111.67006500000001,79.757497,1469.8838489999998,112.89030999999999,241.73460600000004,146.91871799999998,202.724972,210.37355200000002,201.561484,94.772726,111.291969,268.7225509999999,334.567153,228.48203600000002,863.781269,84.02502700000002,897.7198060000001,167.07444800000005,348.669486,47.77214000000001
2024-01-01,13090.206981000001,6486.224939000002,4701.1217209999995,1902.8603209999997,25.8,28719.0,303.57077,238.221296,2138.0159759999997,120.65631200000001,87.478049,1689.811264,141.750445,294.4189989999999,157.524396,217.50277000000003,259.84369999999996,229.70397200000002,97.62985599999999,122.397884,308.57169400000004,366.10667000000007,258.073123,912.56708,94.62130099999999,1020.5043939999999,178.516707,370.64436000000006,45.942156000000004
2024-02-01,12851.124117999996,6343.135652999998,4619.141978,1888.8464869999993,26.3,29653.0,302.38943600000005,235.45801500000002,2111.966995,117.27973600000001,84.01312700000003,1648.856713,140.61045500000003,268.7169610000001,147.832943,208.10468600000002,262.714432,213.831225,89.833643,118.05552600000001,323.32797100000005,343.34459200000003,237.41702,891.792886,86.943262,1032.556283,172.537236,374.9778089999999,44.74654600000001
2024-03-01,11956.626840999998,5484.609657999999,4534.521938,1937.4952449999987,23.3,24053.0,307.86851299999995,203.27515999999997,1780.103603,112.99624600000001,75.64104100000002,1419.684727,126.002122,244.962705,142.71169500000002,217.070995,263.59363900000005,217.67641,91.37567600000001,118.39655100000002,285.59561099999996,313.51454,209.726917,886.7417159999999,81.46406700000001,965.4769749999999,177.27749500000002,378.08299700000003,51.569770000000005
2024-04-01,10004.921217,4253.020670000001,3934.5453970000003,1817.355149999998,18.7,19122.0,205.971293,200.594771,1546.1173100000003,94.67367700000003,57.554587999999995,1247.9234210000002,115.88807299999999,232.68663400000003,94.984268,164.09373000000002,230.461238,111.52324500000003,73.158324,81.664039,215.216148,256.66490400000004,136.436399,704.569857,79.627363,714.274754,127.045937,252.92606999999995,52.239740000000005
2024-05-01,12213.338451000001,6041.515054,4202.501044000001,1969.3223530000005,12.7,25104.0,251.954227,291.958054,2186.072822,123.591842,58.040045,1743.417006,127.557462,274.826322,113.86964499999999,188.72100300000002,216.856031,125.26531,87.69484200000001,99.97643299999999,245.950351,294.519878,170.77973099999994,904.0737280000002,87.703462,897.667249,97.46607500000002,224.31786800000003,59.014826
2024-06-01,11226.223824000002,5345.517419000001,3986.3524080000007,1894.3539970000013,14.6,24051.0,224.891446,271.29968,1946.5577900000005,113.88697900000001,53.91007299999999,1574.0461309999998,121.129453,269.465662,106.315423,170.20727600000004,177.586016,116.053957,75.817628,90.122421,224.86898100000002,277.25626200000005,163.56996399999997,821.987671,89.91368700000001,805.727752,89.56188000000002,206.270581,59.245942
2024-07-01,13226.304292000003,6891.402589000001,4322.631488000002,2012.2702149999993,10.6,26675.0,272.487646,330.3466890000001,2493.879553,132.715238,59.737640000000006,1995.706836,126.19410200000002,301.4616109999999,129.343821,200.387791,188.553482,149.48126200000002,91.684672,112.32201600000003,257.074539,312.992163,193.15211399999998,974.2861119999999,96.08386300000001,976.792195,91.788497,225.92255000000003,59.377652000000005
2024-08-01,12171.606644999998,5900.983050000002,4241.513376,2029.1102189999965,12.7,23806.0,222.97888599999996,297.088207,2205.5336119999997,121.88849899999998,60.730565999999996,1809.9281669999998,121.104937,280.52127300000006,118.88769500000001,174.14109,181.98925,122.352329,77.272259,95.14160799999999,238.634856,297.76564800000006,174.25527499999998,866.792644,91.885901,885.440159,89.46432300000002,207.06445600000004,57.69596
2024-09-01,10237.192793000002,4320.586551999999,3943.7680500000024,1972.838191000001,17.1,19829.0,205.33131699999998,217.50853000000004,1609.4784270000002,95.14789599999999,59.658237,1334.5678479999997,107.23310400000001,236.00512,104.38923699999998,168.07788799999997,194.757853,127.71410700000001,72.008627,84.43479100000002,211.307422,258.292272,136.31629900000001,727.7360340000001,83.232046,705.381574,97.43871199999998,207.44919000000002,53.091155
2024-10-01,10678.921133999998,4548.718389999995,4151.263378000001,1978.9393660000023,20.5,22158.0,246.511166,196.741516,1632.666847,98.433076,57.940099000000004,1313.185697,105.324337,239.990805,119.47116700000004,193.753804,224.43558400000003,169.27530800000002,81.85077799999999,95.95975299999999,231.80151400000003,261.421675,154.677593,757.3272049999999,81.303873,768.2571429999999,126.11233200000001,266.851895,50.789886
2024-11-01,11064.005963999998,4796.444766999999,4254.044165000001,2013.5170319999984,22.4,22856.0,245.85060099999998,192.81006200000002,1682.086919,101.00968300000002,66.91592900000002,1345.4141739999995,102.95075200000001,224.88145200000002,139.725817,187.845913,248.22617300000002,171.644246,76.582157,105.504522,242.71778100000003,288.832405,189.83928000000003,794.0574240000001,79.655982,816.617067,145.380811,303.65575700000005,45.098512
2024-12-01,11498.928525000001,5178.579116999998,4441.356097,1878.993311000003,22.6,23961.0,291.494271,197.921067,1759.2581310000003,110.663549,75.972436,1398.477075,115.77672899999999,237.761756,155.03966900000003,204.00547699999998,210.21066900000002,206.811643,84.36029500000001,116.612638,262.627425,330.064633,218.43205399999997,831.9214510000003,88.13411500000001,876.6561019999999,144.10744799999998,309.69635299999993,46.18612400000001
2025-01-01,13605.512562999997,6855.336500999998,4830.369118999999,1919.8069429999998,26.3,27696.0,314.4959349999999,236.12470499999998,2217.9441879999995,126.388519,78.88908099999999,1727.760002,148.49892799999998,294.922151,160.171149,221.755548,283.785426,232.56756999999996,90.63188600000002,124.56619200000002,340.686681,364.124937,239.32482100000004,996.613327,102.21301700000001,1127.675578,181.05440000000002,391.1829750000001,45.378735999999996
2025-02-01,12908.058920999996,6269.121594999997,4692.326964999999,1946.6103609999998,26.1,30257.0,348.59374,216.96045400000003,1958.7191990000001,126.69161900000002,81.911539,1568.491121,135.666123,262.25140400000004,163.41433600000002,221.329134,276.938726,249.22861600000002,84.693079,129.58508899999998,305.63982100000004,360.17930600000005,248.06789900000007,976.584711,89.268144,1042.856084,179.12821000000002,414.89613499999996,44.08468500000001
2025-03-01,11653.169773999995,5266.223059999997,4403.502135999999,1983.4445779999983,23.4,28739.0,252.36331299999998,208.090501,1867.4307099999999,102.03768799999999,65.947891,1477.6321820000003,126.13045199999999,245.265083,119.116819,186.249252,271.29052400000006,173.89980700000004,73.810362,103.464178,271.20973499999997,281.678837,174.865385,810.182427,86.393501,893.9789739999998,151.502486,344.044981,50.559031999999995
2025-04-01,9822.82491,3991.3226290000016,3917.565115999996,1913.9371650000012,18.4,18247.0,192.04206500000004,193.57948199999998,1527.3983910000002,92.357138,55.790687,1227.194887,115.931254,233.248065,89.0089,156.912853,210.38960899999998,112.929311,65.68140600000001,77.549348,208.77843800000002,248.94440700000004,125.08853000000002,709.510295,85.02111900000001,701.6067469999999,91.38423300000001,199.957584,51.730311
2025-05-01,10944.561145999998,4887.294620999999,4071.122618,1986.1439069999992,16.7,23439.0,211.52506000000002,237.437429,1839.922028,101.265328,53.400543,1474.2704020000003,123.98561900000001,256.67569000000003,95.301016,165.061931,210.363816,123.97295700000002,68.002768,85.020352,224.49023700000004,255.96653099999997,138.257012,785.978917,89.71669800000001,786.0877039999998,97.08601099999998,215.10198700000004,57.88761
2025-06-01,12685.143740000005,6598.754185000003,4157.164483000002,1929.2250719999997,11.2,27719.0,241.70378299999996,316.536616,2414.003254,121.33026799999998,53.527532,1916.6699369999994,123.778632,285.33394699999997,117.128801,188.63759900000002,220.06762300000005,142.013032,80.199402,102.553417,247.20143900000002,285.067701,169.019912,915.468473,93.49133,960.79741,90.80012599999999,225.348367,58.877512
2025-07-01,12901.618550000008,6564.070558000007,4293.969131000002,2043.5788610000002,12.3,28119.0,247.77530600000003,319.08281500000004,2380.3439219999996,127.503829,57.74572899999999,1935.260213,129.02167400000002,306.226041,122.68965700000001,192.01282200000003,190.99779100000003,141.842961,77.41973300000002,106.523165,252.166791,307.9207899999999,189.10247000000004,943.0563530000002,100.308052,941.1747160000001,89.267146,215.407028,61.52548400000001
2025-08-01,11718.756339000001,5598.129768999999,4122.105814000001,1998.5207560000008,13.9,23083.0,217.544277,280.78735400000005,2070.2208190000006,114.596325,57.62796000000001,1708.171566,119.436392,284.36663500000003,107.75105300000001,171.365114,187.44537699999998,120.451301,67.822667,91.29600300000001,229.633388,284.245518,160.491191,839.75865,93.633671,843.191504,89.572557,201.743177,59.150146
2025-09-01,10631.54053,4674.102166000001,3922.5820619999995,2034.856302,15.6,22292.0,213.901454,231.871567,1733.0135460000001,97.974164,53.678339000000015,1422.58216,110.030563,255.824621,103.07070799999998,175.181571,192.36443400000002,130.42756100000003,68.23627,87.55422200000001,211.71144300000003,256.82319,138.476007,742.7452789999999,85.34905299999998,730.9889610000001,100.67097500000001,208.437572,53.666721
2025-10-01,10591.335541,4469.048750000001,4046.7197659999997,2075.567025,19.5,20808.0,238.92728400000004,198.28690799999998,1621.1680179999996,101.84684800000002,63.929949,1316.277786,106.243613,240.434482,117.83547600000001,184.839066,173.890392,160.04915400000002,73.134727,98.59508400000003,223.44403800000006,277.063935,153.937135,776.127575,82.656022,735.901462,109.44623799999998,233.517513,52.667935
2025-11-01,10711.334192,4656.511035999998,4027.227775000002,2027.595381,20.6,23537.0,257.05385500000006,190.99617099999998,1600.979836,99.03061699999999,62.255597,1301.483374,107.43714700000001,230.27386199999998,134.663356,186.856831,164.012108,183.11686799999995,78.44773300000001,107.91275399999999,229.21619400000003,273.43231199999997,181.44282800000002,787.632401,83.390269,772.927569,128.77541200000002,270.33902300000005,48.012733000000004
2025-12-01,13077.047231000004,6562.097120000004,4537.296748,1977.6533630000004,25.9,27891.0,302.49144500000006,243.09315700000002,2218.817268,114.849023,75.278345,1774.5728620000002,126.80774999999998,260.505139,144.409324,214.441367,209.510657,223.02185100000003,88.97828499999999,118.43759100000001,301.8136139999999,329.1997,224.90773199999998,936.054508,94.80274100000001,1029.768326,162.554114,340.5970960000001,49.330894
2026-01-01,13145.374525999996,6497.141379,4635.405534999996,2012.8276120000005,25.1,26716.0,298.11978600000003,226.200736,2109.8538209999997,124.35264,76.06208399999998,1661.7192870000001,150.15982300000002,291.515076,143.06439500000002,218.33710399999998,236.465194,224.001965,88.98910999999998,117.39600500000002,314.22715500000004,343.65954999999997,238.26114799999996,951.9142510000003,105.606999,1048.9525270000001,177.75113000000005,377.393982,47.240528000000005
2026-02-01,11780.616316999998,5561.497524999999,4284.903268,1934.215523999999,25.3,28000.0,264.234838,207.928388,1851.220086,99.20261299999999,62.105702,1487.474917,129.804846,257.71662999999995,126.45084,202.870652,242.87498100000002,207.44093099999995,80.268558,108.17454800000002,277.22080700000004,282.77371,194.416168,806.734809,84.485822,891.420111,175.307723,388.09912299999996,45.137444
2026-03-01,11945.035338,5323.151413999999,4382.336102,2239.5478220000005,23.3,26480.0,250.402939,205.654023,1858.2103570000002,99.65620400000002,63.417674,1485.4846710000002,126.06343299999999,249.97320200000001,116.99354699999999,195.159463,260.733497,179.986664,77.260458,105.39550100000001,266.345853,276.40163299999995,182.886596,820.006544,88.264909,880.697203,171.70736100000002,344.22710699999993,52.779427
2026-04-01,10579.342831999998,4463.562614999999,3969.7230319999994,2146.057185,19.7,23251.0,222.01073000000002,200.707897,1625.956079,96.050216,53.685084,1328.6371539999998,118.19653299999999,236.36313700000002,94.37435200000002,171.449488,219.86462500000002,135.745824,68.72634199999999,86.392598,221.745308,250.26982199999998,136.53408500000003,743.39107,83.888235,735.647431,116.80315700000003,240.995556,53.453034
2026-05-01,12151.531183000001,5825.6051019999995,4075.7803080000017,2250.1457729999997,13.5,24345.0,228.44376699999998,286.43412299999994,2136.278524,114.60527600000002,53.411892,1735.7417260000002,129.101261,272.076578,103.425716,175.59644,207.63463199999998,128.11816199999998,78.79915299999999,95.875245,235.91580400000004,276.682257,159.435084,855.5977240000001,94.61719199999999,839.8720649999998,93.61928599999999,217.298292,58.76882799999999
2026-06-01,12641.171137,6339.790451999998,4114.308993000001,2187.071692000001,12.0,25785.0,237.80452999999997,310.34290500000003,2296.563615,121.804616,54.08253,1888.0903650000002,128.82425999999998,283.255246,111.736181,174.105033,207.81170500000005,135.817901,79.50943000000001,103.14939799999999,242.50713900000002,289.51575,179.933596,907.3168880000001,97.48990400000001,884.937582,89.373792,211.924869,58.559464
2026-07-01,13063.214629,6643.194388999998,4211.154804000002,2208.8654360000005,12.5,27189.0,,,,,,,,,,,,,,,,,,,,,,,
2026-08-01,12432.027715,6093.0651320000015,4100.504724,2238.457858999998,12.3,24956.0,,,,,,,,,,,,,,,,,,,,,,,
